keys,zh_HK,en
RESEARCH_CORE_IMMUNE_NAME,免疫核心,Immune Core
RESEARCH_CORE_IMMUNE_DESCRIPTION,整張永久研究網絡的起點。核心外圍是六層全域基建（防線、遠征、戰爭、機動、融合、生存）與狀態化學，不綁單一家族。,"The origin of the permanent research network. Six global infrastructure rings—Defense, Expedition, War, Mobility, Fusion, and Survival—plus Status Chemistry surround the Core without belonging to one family."
RESEARCH_CHAR_BASE_T_NAME,T 細胞,T Cell
RESEARCH_CHAR_BASE_T_DESCRIPTION,T 細胞 的角色身份錨點，標示此家族的研究扇區起點。,T Cell identity anchor marking the start of this family's research sector.
RESEARCH_CHAR_BASE_B_NAME,B 細胞,B Cell
RESEARCH_CHAR_BASE_B_DESCRIPTION,B 細胞 的角色身份錨點，標示此家族的研究扇區起點。,B Cell identity anchor marking the start of this family's research sector.
RESEARCH_CHAR_BASE_M_NAME,巨噬細胞,Macrophage
RESEARCH_CHAR_BASE_M_DESCRIPTION,巨噬細胞 的角色身份錨點，標示此家族的研究扇區起點。,Macrophage identity anchor marking the start of this family's research sector.
RESEARCH_CHAR_BASE_N_NAME,NK 細胞,NK Cell
RESEARCH_CHAR_BASE_N_DESCRIPTION,NK 細胞 的角色身份錨點，標示此家族的研究扇區起點。,NK Cell identity anchor marking the start of this family's research sector.
RESEARCH_CHAR_BASE_A_NAME,抗體構造體,Antibody Construct
RESEARCH_CHAR_BASE_A_DESCRIPTION,抗體構造體 的角色身份錨點，標示此家族的研究扇區起點。,Antibody Construct identity anchor marking the start of this family's research sector.
RESEARCH_CHAR_BASE_D_NAME,樹突細胞,Dendritic Cell
RESEARCH_CHAR_BASE_D_DESCRIPTION,樹突細胞 的角色身份錨點，標示此家族的研究扇區起點。,Dendritic Cell identity anchor marking the start of this family's research sector.
RESEARCH_CHAR_PAIR_TB_NAME,記憶獵手,Memory Hunter
RESEARCH_CHAR_PAIR_TB_DESCRIPTION,記憶獵手 雙家族融合角色錨點，匯聚 T 與 B 兩系能力。,"Memory Hunter, a dual-family fusion character anchor combining the T and B lineages."
RESEARCH_CHAR_PAIR_TM_NAME,吞噬突擊,Phagocyte Assault
RESEARCH_CHAR_PAIR_TM_DESCRIPTION,吞噬突擊 雙家族融合角色錨點，匯聚 T 與 M 兩系能力。,"Phagocyte Assault, a dual-family fusion character anchor combining the T and M lineages."
RESEARCH_CHAR_PAIR_TN_NAME,細胞毒刃,Cytotoxic Blade
RESEARCH_CHAR_PAIR_TN_DESCRIPTION,細胞毒刃 雙家族融合角色錨點，匯聚 T 與 N 兩系能力。,"Cytotoxic Blade, a dual-family fusion character anchor combining the T and N lineages."
RESEARCH_CHAR_PAIR_TA_NAME,精準抗體,Precision Antibody
RESEARCH_CHAR_PAIR_TA_DESCRIPTION,精準抗體 雙家族融合角色錨點，匯聚 T 與 A 兩系能力。,"Precision Antibody, a dual-family fusion character anchor combining the T and A lineages."
RESEARCH_CHAR_PAIR_TD_NAME,免疫指揮,Immune Command
RESEARCH_CHAR_PAIR_TD_DESCRIPTION,免疫指揮 雙家族融合角色錨點，匯聚 T 與 D 兩系能力。,"Immune Command, a dual-family fusion character anchor combining the T and D lineages."
RESEARCH_CHAR_PAIR_BM_NAME,抗原處理,Antigen Processing
RESEARCH_CHAR_PAIR_BM_DESCRIPTION,抗原處理 雙家族融合角色錨點，匯聚 B 與 M 兩系能力。,"Antigen Processing, a dual-family fusion character anchor combining the B and M lineages."
RESEARCH_CHAR_PAIR_BN_NAME,標記處決,Marked Execution
RESEARCH_CHAR_PAIR_BN_DESCRIPTION,標記處決 雙家族融合角色錨點，匯聚 B 與 N 兩系能力。,"Marked Execution, a dual-family fusion character anchor combining the B and N lineages."
RESEARCH_CHAR_PAIR_BA_NAME,抗體風暴,Antibody Storm
RESEARCH_CHAR_PAIR_BA_DESCRIPTION,抗體風暴 雙家族融合角色錨點，匯聚 B 與 A 兩系能力。,"Antibody Storm, a dual-family fusion character anchor combining the B and A lineages."
RESEARCH_CHAR_PAIR_BD_NAME,抗原呈現,Antigen Presentation
RESEARCH_CHAR_PAIR_BD_DESCRIPTION,抗原呈現 雙家族融合角色錨點，匯聚 B 與 D 兩系能力。,"Antigen Presentation, a dual-family fusion character anchor combining the B and D lineages."
RESEARCH_CHAR_PAIR_MN_NAME,感染清除,Infection Clearance
RESEARCH_CHAR_PAIR_MN_DESCRIPTION,感染清除 雙家族融合角色錨點，匯聚 M 與 N 兩系能力。,"Infection Clearance, a dual-family fusion character anchor combining the M and N lineages."
RESEARCH_CHAR_PAIR_MA_NAME,免疫壁壘,Immune Bulwark
RESEARCH_CHAR_PAIR_MA_DESCRIPTION,免疫壁壘 雙家族融合角色錨點，匯聚 M 與 A 兩系能力。,"Immune Bulwark, a dual-family fusion character anchor combining the M and A lineages."
RESEARCH_CHAR_PAIR_MD_NAME,抗原中樞,Antigen Nexus
RESEARCH_CHAR_PAIR_MD_DESCRIPTION,抗原中樞 雙家族融合角色錨點，匯聚 M 與 D 兩系能力。,"Antigen Nexus, a dual-family fusion character anchor combining the M and D lineages."
RESEARCH_CHAR_PAIR_NA_NAME,抗體追獵,Antibody Pursuit
RESEARCH_CHAR_PAIR_NA_DESCRIPTION,抗體追獵 雙家族融合角色錨點，匯聚 N 與 A 兩系能力。,"Antibody Pursuit, a dual-family fusion character anchor combining the N and A lineages."
RESEARCH_CHAR_PAIR_ND_NAME,獵殺信標,Hunter Beacon
RESEARCH_CHAR_PAIR_ND_DESCRIPTION,獵殺信標 雙家族融合角色錨點，匯聚 N 與 D 兩系能力。,"Hunter Beacon, a dual-family fusion character anchor combining the N and D lineages."
RESEARCH_CHAR_PAIR_AD_NAME,免疫網絡,Immune Network
RESEARCH_CHAR_PAIR_AD_DESCRIPTION,免疫網絡 雙家族融合角色錨點，匯聚 A 與 D 兩系能力。,"Immune Network, a dual-family fusion character anchor combining the A and D lineages."
RESEARCH_CHAR_TRIPLE_TBA_NAME,適應免疫核心,Adaptive Immune Core
RESEARCH_CHAR_TRIPLE_TBA_DESCRIPTION,適應免疫核心 三家族融合角色錨點，整合 T、B、A 三系終極能力。,"Adaptive Immune Core, a three-family fusion character anchor integrating the ultimate capabilities of the T, B, A lineages."
RESEARCH_CHAR_TRIPLE_TND_NAME,全域截擊中樞,Global Interception Nexus
RESEARCH_CHAR_TRIPLE_TND_DESCRIPTION,全域截擊中樞 三家族融合角色錨點，整合 T、N、D 三系終極能力。,"Global Interception Nexus, a three-family fusion character anchor integrating the ultimate capabilities of the T, N, D lineages."
RESEARCH_CHAR_TRIPLE_MAD_NAME,組織防衛聖域,Tissue Defense Sanctuary
RESEARCH_CHAR_TRIPLE_MAD_DESCRIPTION,組織防衛聖域 三家族融合角色錨點，整合 M、A、D 三系終極能力。,"Tissue Defense Sanctuary, a three-family fusion character anchor integrating the ultimate capabilities of the M, A, D lineages."
RESEARCH_CHAR_TRIPLE_BMD_NAME,組織再生工廠,Tissue Regeneration Foundry
RESEARCH_CHAR_TRIPLE_BMD_DESCRIPTION,組織再生工廠 三家族融合角色錨點，整合 B、M、D 三系終極能力。,"Tissue Regeneration Foundry, a three-family fusion character anchor integrating the ultimate capabilities of the B, M, D lineages."
RESEARCH_CHAR_TRIPLE_BNA_NAME,抗體獵殺蜂群,Antibody Hunter Swarm
RESEARCH_CHAR_TRIPLE_BNA_DESCRIPTION,抗體獵殺蜂群 三家族融合角色錨點，整合 B、N、A 三系終極能力。,"Antibody Hunter Swarm, a three-family fusion character anchor integrating the ultimate capabilities of the B, N, A lineages."
RESEARCH_CHAR_TRIPLE_TMN_NAME,凋亡反應爐,Apoptosis Reactor
RESEARCH_CHAR_TRIPLE_TMN_DESCRIPTION,凋亡反應爐 三家族融合角色錨點，整合 T、M、N 三系終極能力。,"Apoptosis Reactor, a three-family fusion character anchor integrating the ultimate capabilities of the T, M, N lineages."
RESEARCH_CHAR_APEX_MEMORY_NAME,長期免疫記憶庫,Long-term Immune Archive
RESEARCH_CHAR_APEX_MEMORY_DESCRIPTION,長期免疫記憶庫 隱藏 Apex 身份錨點，需對應雙家族 ★4 協議與遠征發現。,"Long-term Immune Archive, a hidden Apex identity anchor requiring its matching dual-family Rank 4 protocol and an expedition discovery."
RESEARCH_CHAR_APEX_STERILE_NAME,無菌聖域,Sterile Sanctuary
RESEARCH_CHAR_APEX_STERILE_DESCRIPTION,無菌聖域 隱藏 Apex 身份錨點，需對應雙家族 ★4 協議與遠征發現。,"Sterile Sanctuary, a hidden Apex identity anchor requiring its matching dual-family Rank 4 protocol and an expedition discovery."
RESEARCH_CHAR_APEX_SILENT_NAME,靜默獵殺網,Silent Hunter Network
RESEARCH_CHAR_APEX_SILENT_DESCRIPTION,靜默獵殺網 隱藏 Apex 身份錨點，需對應雙家族 ★4 協議與遠征發現。,"Silent Hunter Network, a hidden Apex identity anchor requiring its matching dual-family Rank 4 protocol and an expedition discovery."
RESEARCH_CHAR_PRIME_NAME,IMMUNE PRIME,IMMUNE PRIME
RESEARCH_CHAR_PRIME_DESCRIPTION,六大家族終極與任意三個命名三融合成果匯聚的終局身份，不要求完成其餘 199 個節點。,The endgame identity formed from all six family ultimates and any three named triple fusions. It does not require completion of the other 199 nodes.
RESEARCH_BASE_T_01_NAME,T 細胞部署資格,T Cell Deployment Clearance
RESEARCH_BASE_T_01_DESCRIPTION,解鎖 T 細胞 的部署與陣容使用資格。,Unlocks deployment and formation access for the T Cell.
RESEARCH_BASE_T_02_NAME,細胞毒殺核心,Cytotoxic Core
RESEARCH_BASE_T_02_DESCRIPTION,強化 T 細胞 的核心被動與生物學定位。,Strengthens the T Cell's core passive and biological role.
RESEARCH_BASE_T_03_NAME,T 細胞固定炮台專精,T Cell Fixed Turret Specialization
RESEARCH_BASE_T_03_DESCRIPTION,提升 T 細胞 作為固定炮台的效率與射程。,Improves the T Cell's efficiency and range as a fixed turret.
RESEARCH_BASE_T_04_NAME,T 細胞移動資格,T Cell Mobility Clearance
RESEARCH_BASE_T_04_DESCRIPTION,授予 T 細胞 在全面戰爭中的移動部署資格。,Grants the T Cell mobile deployment clearance for Total War.
RESEARCH_BASE_T_05_NAME,抗原特異追獵,Antigen-specific Pursuit
RESEARCH_BASE_T_05_DESCRIPTION,優化 T 細胞 的目標選擇與戰鬥 AI 行為。,Optimizes the T Cell's target selection and combat AI behavior.
RESEARCH_BASE_T_06_NAME,T 細胞陣容共鳴,T Cell Formation Resonance
RESEARCH_BASE_T_06_DESCRIPTION,增幅 T 細胞 與相鄰角色的陣容連結效果。,Amplifies formation links between the T Cell and adjacent characters.
RESEARCH_BASE_T_07_NAME,細胞毒覺醒,Cytotoxic Awakening
RESEARCH_BASE_T_07_DESCRIPTION,覺醒 T 細胞 的特殊被動與天賦能力。,Awakens the T Cell's special passive and talent abilities.
RESEARCH_BASE_T_08_NAME,T 細胞終極免疫,T Cell Ultimate Immunity
RESEARCH_BASE_T_08_DESCRIPTION,T 細胞 家族終極永久研究，解鎖高階融合與 Apex 資格。,"The T Cell family's ultimate permanent research, unlocking advanced fusion and Apex eligibility."
RESEARCH_BASE_B_01_NAME,B 細胞部署資格,B Cell Deployment Clearance
RESEARCH_BASE_B_01_DESCRIPTION,解鎖 B 細胞 的部署與陣容使用資格。,Unlocks deployment and formation access for the B Cell.
RESEARCH_BASE_B_02_NAME,抗體分泌核心,Antibody Secretion Core
RESEARCH_BASE_B_02_DESCRIPTION,強化 B 細胞 的核心被動與生物學定位。,Strengthens the B Cell's core passive and biological role.
RESEARCH_BASE_B_03_NAME,B 細胞固定炮台專精,B Cell Fixed Turret Specialization
RESEARCH_BASE_B_03_DESCRIPTION,提升 B 細胞 作為固定炮台的效率與射程。,Improves the B Cell's efficiency and range as a fixed turret.
RESEARCH_BASE_B_04_NAME,B 細胞移動資格,B Cell Mobility Clearance
RESEARCH_BASE_B_04_DESCRIPTION,授予 B 細胞 在全面戰爭中的移動部署資格。,Grants the B Cell mobile deployment clearance for Total War.
RESEARCH_BASE_B_05_NAME,遠距標記鎖定,Long-range Mark Lock
RESEARCH_BASE_B_05_DESCRIPTION,優化 B 細胞 的目標選擇與戰鬥 AI 行為。,Optimizes the B Cell's target selection and combat AI behavior.
RESEARCH_BASE_B_06_NAME,B 細胞陣容共鳴,B Cell Formation Resonance
RESEARCH_BASE_B_06_DESCRIPTION,增幅 B 細胞 與相鄰角色的陣容連結效果。,Amplifies formation links between the B Cell and adjacent characters.
RESEARCH_BASE_B_07_NAME,漿細胞覺醒,Plasma Cell Awakening
RESEARCH_BASE_B_07_DESCRIPTION,覺醒 B 細胞 的特殊被動與天賦能力。,Awakens the B Cell's special passive and talent abilities.
RESEARCH_BASE_B_08_NAME,B 細胞終極免疫,B Cell Ultimate Immunity
RESEARCH_BASE_B_08_DESCRIPTION,B 細胞 家族終極永久研究，解鎖高階融合與 Apex 資格。,"The B Cell family's ultimate permanent research, unlocking advanced fusion and Apex eligibility."
RESEARCH_BASE_M_01_NAME,巨噬細胞部署資格,Macrophage Deployment Clearance
RESEARCH_BASE_M_01_DESCRIPTION,解鎖 巨噬細胞 的部署與陣容使用資格。,Unlocks deployment and formation access for the Macrophage.
RESEARCH_BASE_M_02_NAME,吞噬回收核心,Phagocytic Recovery Core
RESEARCH_BASE_M_02_DESCRIPTION,強化 巨噬細胞 的核心被動與生物學定位。,Strengthens the Macrophage's core passive and biological role.
RESEARCH_BASE_M_03_NAME,巨噬固定炮台專精,Macrophage Fixed Turret Specialization
RESEARCH_BASE_M_03_DESCRIPTION,提升 巨噬細胞 作為固定炮台的效率與射程。,Improves the Macrophage's efficiency and range as a fixed turret.
RESEARCH_BASE_M_04_NAME,巨噬細胞移動資格,Macrophage Mobility Clearance
RESEARCH_BASE_M_04_DESCRIPTION,授予 巨噬細胞 在全面戰爭中的移動部署資格。,Grants the Macrophage mobile deployment clearance for Total War.
RESEARCH_BASE_M_05_NAME,感染殘留追獵,Infection Residue Pursuit
RESEARCH_BASE_M_05_DESCRIPTION,優化 巨噬細胞 的目標選擇與戰鬥 AI 行為。,Optimizes the Macrophage's target selection and combat AI behavior.
RESEARCH_BASE_M_06_NAME,巨噬陣容共鳴,Macrophage Formation Resonance
RESEARCH_BASE_M_06_DESCRIPTION,增幅 巨噬細胞 與相鄰角色的陣容連結效果。,Amplifies formation links between the Macrophage and adjacent characters.
RESEARCH_BASE_M_07_NAME,組織修復覺醒,Tissue Repair Awakening
RESEARCH_BASE_M_07_DESCRIPTION,覺醒 巨噬細胞 的特殊被動與天賦能力。,Awakens the Macrophage's special passive and talent abilities.
RESEARCH_BASE_M_08_NAME,巨噬終極免疫,Macrophage Ultimate Immunity
RESEARCH_BASE_M_08_DESCRIPTION,巨噬細胞 家族終極永久研究，解鎖高階融合與 Apex 資格。,"The Macrophage family's ultimate permanent research, unlocking advanced fusion and Apex eligibility."
RESEARCH_BASE_N_01_NAME,NK 細胞部署資格,NK Cell Deployment Clearance
RESEARCH_BASE_N_01_DESCRIPTION,解鎖 NK 細胞 的部署與陣容使用資格。,Unlocks deployment and formation access for the NK Cell.
RESEARCH_BASE_N_02_NAME,天然細胞毒核心,Natural Cytotoxic Core
RESEARCH_BASE_N_02_DESCRIPTION,強化 NK 細胞 的核心被動與生物學定位。,Strengthens the NK Cell's core passive and biological role.
RESEARCH_BASE_N_03_NAME,NK 固定炮台專精,NK Cell Fixed Turret Specialization
RESEARCH_BASE_N_03_DESCRIPTION,提升 NK 細胞 作為固定炮台的效率與射程。,Improves the NK Cell's efficiency and range as a fixed turret.
RESEARCH_BASE_N_04_NAME,NK 細胞移動資格,NK Cell Mobility Clearance
RESEARCH_BASE_N_04_DESCRIPTION,授予 NK 細胞 在全面戰爭中的移動部署資格。,Grants the NK Cell mobile deployment clearance for Total War.
RESEARCH_BASE_N_05_NAME,異常細胞獵殺,Abnormal Cell Hunt
RESEARCH_BASE_N_05_DESCRIPTION,優化 NK 細胞 的目標選擇與戰鬥 AI 行為。,Optimizes the NK Cell's target selection and combat AI behavior.
RESEARCH_BASE_N_06_NAME,NK 陣容共鳴,NK Cell Formation Resonance
RESEARCH_BASE_N_06_DESCRIPTION,增幅 NK 細胞 與相鄰角色的陣容連結效果。,Amplifies formation links between the NK Cell and adjacent characters.
RESEARCH_BASE_N_07_NAME,無抗體覺醒,Antibody-free Awakening
RESEARCH_BASE_N_07_DESCRIPTION,覺醒 NK 細胞 的特殊被動與天賦能力。,Awakens the NK Cell's special passive and talent abilities.
RESEARCH_BASE_N_08_NAME,NK 終極免疫,NK Cell Ultimate Immunity
RESEARCH_BASE_N_08_DESCRIPTION,NK 細胞 家族終極永久研究，解鎖高階融合與 Apex 資格。,"The NK Cell family's ultimate permanent research, unlocking advanced fusion and Apex eligibility."
RESEARCH_BASE_A_01_NAME,抗體構造體部署資格,Antibody Construct Deployment Clearance
RESEARCH_BASE_A_01_DESCRIPTION,解鎖 抗體構造體 的部署與陣容使用資格。,Unlocks deployment and formation access for the Antibody Construct.
RESEARCH_BASE_A_02_NAME,中和抗體核心,Neutralizing Antibody Core
RESEARCH_BASE_A_02_DESCRIPTION,強化 抗體構造體 的核心被動與生物學定位。,Strengthens the Antibody Construct's core passive and biological role.
RESEARCH_BASE_A_03_NAME,抗體固定炮台專精,Antibody Fixed Turret Specialization
RESEARCH_BASE_A_03_DESCRIPTION,提升 抗體構造體 作為固定炮台的效率與射程。,Improves the Antibody Construct's efficiency and range as a fixed turret.
RESEARCH_BASE_A_04_NAME,抗體固定中繼資格,Antibody Fixed Relay Clearance
RESEARCH_BASE_A_04_DESCRIPTION,授予抗體構造體固定中繼資格，強化陣線中繼而非移動單位。,"Grants the Antibody Construct fixed-relay clearance, strengthening formation relays instead of creating a mobile unit."
RESEARCH_BASE_A_05_NAME,抗原中和鎖定,Antigen Neutralization Lock
RESEARCH_BASE_A_05_DESCRIPTION,優化 抗體構造體 的目標選擇與戰鬥 AI 行為。,Optimizes the Antibody Construct's target selection and combat AI behavior.
RESEARCH_BASE_A_06_NAME,抗體陣容共鳴,Antibody Formation Resonance
RESEARCH_BASE_A_06_DESCRIPTION,增幅 抗體構造體 與相鄰角色的陣容連結效果。,Amplifies formation links between the Antibody Construct and adjacent characters.
RESEARCH_BASE_A_07_NAME,多價抗體覺醒,Multivalent Antibody Awakening
RESEARCH_BASE_A_07_DESCRIPTION,覺醒 抗體構造體 的特殊被動與天賦能力。,Awakens the Antibody Construct's special passive and talent abilities.
RESEARCH_BASE_A_08_NAME,抗體終極免疫,Antibody Ultimate Immunity
RESEARCH_BASE_A_08_DESCRIPTION,抗體構造體 家族終極永久研究，解鎖高階融合與 Apex 資格。,"The Antibody Construct family's ultimate permanent research, unlocking advanced fusion and Apex eligibility."
RESEARCH_BASE_D_01_NAME,樹突細胞部署資格,Dendritic Cell Deployment Clearance
RESEARCH_BASE_D_01_DESCRIPTION,解鎖 樹突細胞 的部署與陣容使用資格。,Unlocks deployment and formation access for the Dendritic Cell.
RESEARCH_BASE_D_02_NAME,抗原呈現核心,Antigen Presentation Core
RESEARCH_BASE_D_02_DESCRIPTION,強化 樹突細胞 的核心被動與生物學定位。,Strengthens the Dendritic Cell's core passive and biological role.
RESEARCH_BASE_D_03_NAME,樹突固定炮台專精,Dendritic Fixed Turret Specialization
RESEARCH_BASE_D_03_DESCRIPTION,提升 樹突細胞 作為固定炮台的效率與射程。,Improves the Dendritic Cell's efficiency and range as a fixed turret.
RESEARCH_BASE_D_04_NAME,樹突細胞移動資格,Dendritic Cell Mobility Clearance
RESEARCH_BASE_D_04_DESCRIPTION,授予 樹突細胞 在全面戰爭中的移動部署資格。,Grants the Dendritic Cell mobile deployment clearance for Total War.
RESEARCH_BASE_D_05_NAME,免疫信號引導,Immune Signal Guidance
RESEARCH_BASE_D_05_DESCRIPTION,優化 樹突細胞 的目標選擇與戰鬥 AI 行為。,Optimizes the Dendritic Cell's target selection and combat AI behavior.
RESEARCH_BASE_D_06_NAME,樹突陣容共鳴,Dendritic Formation Resonance
RESEARCH_BASE_D_06_DESCRIPTION,增幅 樹突細胞 與相鄰角色的陣容連結效果。,Amplifies formation links between the Dendritic Cell and adjacent characters.
RESEARCH_BASE_D_07_NAME,共刺激覺醒,Co-stimulation Awakening
RESEARCH_BASE_D_07_DESCRIPTION,覺醒 樹突細胞 的特殊被動與天賦能力。,Awakens the Dendritic Cell's special passive and talent abilities.
RESEARCH_BASE_D_08_NAME,樹突終極免疫,Dendritic Ultimate Immunity
RESEARCH_BASE_D_08_DESCRIPTION,樹突細胞 家族終極永久研究，解鎖高階融合與 Apex 資格。,"The Dendritic Cell family's ultimate permanent research, unlocking advanced fusion and Apex eligibility."
RESEARCH_PAIR_TB_S1_NAME,記憶獵手｜基礎相性,Memory Hunter | Base Affinity
RESEARCH_PAIR_TB_S1_DESCRIPTION,建立 T 與 B 兩系在戰場上的基礎相性連結。,Establishes a base battlefield affinity link between the T and B lineages.
RESEARCH_PAIR_TB_S2_NAME,記憶獵手｜強化協同,Memory Hunter | Enhanced Synergy
RESEARCH_PAIR_TB_S2_DESCRIPTION,強化 記憶獵手 路線的協同共鳴，為實體融合鋪路。,Strengthens the Memory Hunter route's synergy resonance and prepares it for physical fusion.
RESEARCH_PAIR_TB_S4_NAME,記憶獵手｜傳承特質協議,Memory Hunter | Legacy Trait Protocol
RESEARCH_PAIR_TB_S4_DESCRIPTION,解鎖 記憶獵手 傳承特質研究協議，可在關卡前裝備。,Unlocks the Memory Hunter legacy-trait research protocol for pre-mission equipment.
RESEARCH_PAIR_TM_S1_NAME,吞噬突擊｜基礎相性,Phagocyte Assault | Base Affinity
RESEARCH_PAIR_TM_S1_DESCRIPTION,建立 T 與 M 兩系在戰場上的基礎相性連結。,Establishes a base battlefield affinity link between the T and M lineages.
RESEARCH_PAIR_TM_S2_NAME,吞噬突擊｜強化協同,Phagocyte Assault | Enhanced Synergy
RESEARCH_PAIR_TM_S2_DESCRIPTION,強化 吞噬突擊 路線的協同共鳴，為實體融合鋪路。,Strengthens the Phagocyte Assault route's synergy resonance and prepares it for physical fusion.
RESEARCH_PAIR_TM_S4_NAME,吞噬突擊｜傳承特質協議,Phagocyte Assault | Legacy Trait Protocol
RESEARCH_PAIR_TM_S4_DESCRIPTION,解鎖 吞噬突擊 傳承特質研究協議，可在關卡前裝備。,Unlocks the Phagocyte Assault legacy-trait research protocol for pre-mission equipment.
RESEARCH_PAIR_TN_S1_NAME,細胞毒刃｜基礎相性,Cytotoxic Blade | Base Affinity
RESEARCH_PAIR_TN_S1_DESCRIPTION,建立 T 與 N 兩系在戰場上的基礎相性連結。,Establishes a base battlefield affinity link between the T and N lineages.
RESEARCH_PAIR_TN_S2_NAME,細胞毒刃｜強化協同,Cytotoxic Blade | Enhanced Synergy
RESEARCH_PAIR_TN_S2_DESCRIPTION,強化 細胞毒刃 路線的協同共鳴，為實體融合鋪路。,Strengthens the Cytotoxic Blade route's synergy resonance and prepares it for physical fusion.
RESEARCH_PAIR_TN_S4_NAME,細胞毒刃｜傳承特質協議,Cytotoxic Blade | Legacy Trait Protocol
RESEARCH_PAIR_TN_S4_DESCRIPTION,解鎖 細胞毒刃 傳承特質研究協議，可在關卡前裝備。,Unlocks the Cytotoxic Blade legacy-trait research protocol for pre-mission equipment.
RESEARCH_PAIR_TA_S1_NAME,精準抗體｜基礎相性,Precision Antibody | Base Affinity
RESEARCH_PAIR_TA_S1_DESCRIPTION,建立 T 與 A 兩系在戰場上的基礎相性連結。,Establishes a base battlefield affinity link between the T and A lineages.
RESEARCH_PAIR_TA_S2_NAME,精準抗體｜強化協同,Precision Antibody | Enhanced Synergy
RESEARCH_PAIR_TA_S2_DESCRIPTION,強化 精準抗體 路線的協同共鳴，為實體融合鋪路。,Strengthens the Precision Antibody route's synergy resonance and prepares it for physical fusion.
RESEARCH_PAIR_TA_S4_NAME,精準抗體｜傳承特質協議,Precision Antibody | Legacy Trait Protocol
RESEARCH_PAIR_TA_S4_DESCRIPTION,解鎖 精準抗體 傳承特質研究協議，可在關卡前裝備。,Unlocks the Precision Antibody legacy-trait research protocol for pre-mission equipment.
RESEARCH_PAIR_TD_S1_NAME,免疫指揮｜基礎相性,Immune Command | Base Affinity
RESEARCH_PAIR_TD_S1_DESCRIPTION,建立 T 與 D 兩系在戰場上的基礎相性連結。,Establishes a base battlefield affinity link between the T and D lineages.
RESEARCH_PAIR_TD_S2_NAME,免疫指揮｜強化協同,Immune Command | Enhanced Synergy
RESEARCH_PAIR_TD_S2_DESCRIPTION,強化 免疫指揮 路線的協同共鳴，為實體融合鋪路。,Strengthens the Immune Command route's synergy resonance and prepares it for physical fusion.
RESEARCH_PAIR_TD_S4_NAME,免疫指揮｜傳承特質協議,Immune Command | Legacy Trait Protocol
RESEARCH_PAIR_TD_S4_DESCRIPTION,解鎖 免疫指揮 傳承特質研究協議，可在關卡前裝備。,Unlocks the Immune Command legacy-trait research protocol for pre-mission equipment.
RESEARCH_PAIR_BM_S1_NAME,抗原處理｜基礎相性,Antigen Processing | Base Affinity
RESEARCH_PAIR_BM_S1_DESCRIPTION,建立 B 與 M 兩系在戰場上的基礎相性連結。,Establishes a base battlefield affinity link between the B and M lineages.
RESEARCH_PAIR_BM_S2_NAME,抗原處理｜強化協同,Antigen Processing | Enhanced Synergy
RESEARCH_PAIR_BM_S2_DESCRIPTION,強化 抗原處理 路線的協同共鳴，為實體融合鋪路。,Strengthens the Antigen Processing route's synergy resonance and prepares it for physical fusion.
RESEARCH_PAIR_BM_S4_NAME,抗原處理｜傳承特質協議,Antigen Processing | Legacy Trait Protocol
RESEARCH_PAIR_BM_S4_DESCRIPTION,解鎖 抗原處理 傳承特質研究協議，可在關卡前裝備。,Unlocks the Antigen Processing legacy-trait research protocol for pre-mission equipment.
RESEARCH_PAIR_BN_S1_NAME,標記處決｜基礎相性,Marked Execution | Base Affinity
RESEARCH_PAIR_BN_S1_DESCRIPTION,建立 B 與 N 兩系在戰場上的基礎相性連結。,Establishes a base battlefield affinity link between the B and N lineages.
RESEARCH_PAIR_BN_S2_NAME,標記處決｜強化協同,Marked Execution | Enhanced Synergy
RESEARCH_PAIR_BN_S2_DESCRIPTION,強化 標記處決 路線的協同共鳴，為實體融合鋪路。,Strengthens the Marked Execution route's synergy resonance and prepares it for physical fusion.
RESEARCH_PAIR_BN_S4_NAME,標記處決｜傳承特質協議,Marked Execution | Legacy Trait Protocol
RESEARCH_PAIR_BN_S4_DESCRIPTION,解鎖 標記處決 傳承特質研究協議，可在關卡前裝備。,Unlocks the Marked Execution legacy-trait research protocol for pre-mission equipment.
RESEARCH_PAIR_BA_S1_NAME,抗體風暴｜基礎相性,Antibody Storm | Base Affinity
RESEARCH_PAIR_BA_S1_DESCRIPTION,建立 B 與 A 兩系在戰場上的基礎相性連結。,Establishes a base battlefield affinity link between the B and A lineages.
RESEARCH_PAIR_BA_S2_NAME,抗體風暴｜強化協同,Antibody Storm | Enhanced Synergy
RESEARCH_PAIR_BA_S2_DESCRIPTION,強化 抗體風暴 路線的協同共鳴，為實體融合鋪路。,Strengthens the Antibody Storm route's synergy resonance and prepares it for physical fusion.
RESEARCH_PAIR_BA_S4_NAME,抗體風暴｜傳承特質協議,Antibody Storm | Legacy Trait Protocol
RESEARCH_PAIR_BA_S4_DESCRIPTION,解鎖 抗體風暴 傳承特質研究協議，可在關卡前裝備。,Unlocks the Antibody Storm legacy-trait research protocol for pre-mission equipment.
RESEARCH_PAIR_BD_S1_NAME,抗原呈現｜基礎相性,Antigen Presentation | Base Affinity
RESEARCH_PAIR_BD_S1_DESCRIPTION,建立 B 與 D 兩系在戰場上的基礎相性連結。,Establishes a base battlefield affinity link between the B and D lineages.
RESEARCH_PAIR_BD_S2_NAME,抗原呈現｜強化協同,Antigen Presentation | Enhanced Synergy
RESEARCH_PAIR_BD_S2_DESCRIPTION,強化 抗原呈現 路線的協同共鳴，為實體融合鋪路。,Strengthens the Antigen Presentation route's synergy resonance and prepares it for physical fusion.
RESEARCH_PAIR_BD_S4_NAME,抗原呈現｜傳承特質協議,Antigen Presentation | Legacy Trait Protocol
RESEARCH_PAIR_BD_S4_DESCRIPTION,解鎖 抗原呈現 傳承特質研究協議，可在關卡前裝備。,Unlocks the Antigen Presentation legacy-trait research protocol for pre-mission equipment.
RESEARCH_PAIR_MN_S1_NAME,感染清除｜基礎相性,Infection Clearance | Base Affinity
RESEARCH_PAIR_MN_S1_DESCRIPTION,建立 M 與 N 兩系在戰場上的基礎相性連結。,Establishes a base battlefield affinity link between the M and N lineages.
RESEARCH_PAIR_MN_S2_NAME,感染清除｜強化協同,Infection Clearance | Enhanced Synergy
RESEARCH_PAIR_MN_S2_DESCRIPTION,強化 感染清除 路線的協同共鳴，為實體融合鋪路。,Strengthens the Infection Clearance route's synergy resonance and prepares it for physical fusion.
RESEARCH_PAIR_MN_S4_NAME,感染清除｜傳承特質協議,Infection Clearance | Legacy Trait Protocol
RESEARCH_PAIR_MN_S4_DESCRIPTION,解鎖 感染清除 傳承特質研究協議，可在關卡前裝備。,Unlocks the Infection Clearance legacy-trait research protocol for pre-mission equipment.
RESEARCH_PAIR_MA_S1_NAME,免疫壁壘｜基礎相性,Immune Bulwark | Base Affinity
RESEARCH_PAIR_MA_S1_DESCRIPTION,建立 M 與 A 兩系在戰場上的基礎相性連結。,Establishes a base battlefield affinity link between the M and A lineages.
RESEARCH_PAIR_MA_S2_NAME,免疫壁壘｜強化協同,Immune Bulwark | Enhanced Synergy
RESEARCH_PAIR_MA_S2_DESCRIPTION,強化 免疫壁壘 路線的協同共鳴，為實體融合鋪路。,Strengthens the Immune Bulwark route's synergy resonance and prepares it for physical fusion.
RESEARCH_PAIR_MA_S4_NAME,免疫壁壘｜傳承特質協議,Immune Bulwark | Legacy Trait Protocol
RESEARCH_PAIR_MA_S4_DESCRIPTION,解鎖 免疫壁壘 傳承特質研究協議，可在關卡前裝備。,Unlocks the Immune Bulwark legacy-trait research protocol for pre-mission equipment.
RESEARCH_PAIR_MD_S1_NAME,抗原中樞｜基礎相性,Antigen Nexus | Base Affinity
RESEARCH_PAIR_MD_S1_DESCRIPTION,建立 M 與 D 兩系在戰場上的基礎相性連結。,Establishes a base battlefield affinity link between the M and D lineages.
RESEARCH_PAIR_MD_S2_NAME,抗原中樞｜強化協同,Antigen Nexus | Enhanced Synergy
RESEARCH_PAIR_MD_S2_DESCRIPTION,強化 抗原中樞 路線的協同共鳴，為實體融合鋪路。,Strengthens the Antigen Nexus route's synergy resonance and prepares it for physical fusion.
RESEARCH_PAIR_MD_S4_NAME,抗原中樞｜傳承特質協議,Antigen Nexus | Legacy Trait Protocol
RESEARCH_PAIR_MD_S4_DESCRIPTION,解鎖 抗原中樞 傳承特質研究協議，可在關卡前裝備。,Unlocks the Antigen Nexus legacy-trait research protocol for pre-mission equipment.
RESEARCH_PAIR_NA_S1_NAME,抗體追獵｜基礎相性,Antibody Pursuit | Base Affinity
RESEARCH_PAIR_NA_S1_DESCRIPTION,建立 N 與 A 兩系在戰場上的基礎相性連結。,Establishes a base battlefield affinity link between the N and A lineages.
RESEARCH_PAIR_NA_S2_NAME,抗體追獵｜強化協同,Antibody Pursuit | Enhanced Synergy
RESEARCH_PAIR_NA_S2_DESCRIPTION,強化 抗體追獵 路線的協同共鳴，為實體融合鋪路。,Strengthens the Antibody Pursuit route's synergy resonance and prepares it for physical fusion.
RESEARCH_PAIR_NA_S4_NAME,抗體追獵｜傳承特質協議,Antibody Pursuit | Legacy Trait Protocol
RESEARCH_PAIR_NA_S4_DESCRIPTION,解鎖 抗體追獵 傳承特質研究協議，可在關卡前裝備。,Unlocks the Antibody Pursuit legacy-trait research protocol for pre-mission equipment.
RESEARCH_PAIR_ND_S1_NAME,獵殺信標｜基礎相性,Hunter Beacon | Base Affinity
RESEARCH_PAIR_ND_S1_DESCRIPTION,建立 N 與 D 兩系在戰場上的基礎相性連結。,Establishes a base battlefield affinity link between the N and D lineages.
RESEARCH_PAIR_ND_S2_NAME,獵殺信標｜強化協同,Hunter Beacon | Enhanced Synergy
RESEARCH_PAIR_ND_S2_DESCRIPTION,強化 獵殺信標 路線的協同共鳴，為實體融合鋪路。,Strengthens the Hunter Beacon route's synergy resonance and prepares it for physical fusion.
RESEARCH_PAIR_ND_S4_NAME,獵殺信標｜傳承特質協議,Hunter Beacon | Legacy Trait Protocol
RESEARCH_PAIR_ND_S4_DESCRIPTION,解鎖 獵殺信標 傳承特質研究協議，可在關卡前裝備。,Unlocks the Hunter Beacon legacy-trait research protocol for pre-mission equipment.
RESEARCH_PAIR_AD_S1_NAME,免疫網絡｜基礎相性,Immune Network | Base Affinity
RESEARCH_PAIR_AD_S1_DESCRIPTION,建立 A 與 D 兩系在戰場上的基礎相性連結。,Establishes a base battlefield affinity link between the A and D lineages.
RESEARCH_PAIR_AD_S2_NAME,免疫網絡｜強化協同,Immune Network | Enhanced Synergy
RESEARCH_PAIR_AD_S2_DESCRIPTION,強化 免疫網絡 路線的協同共鳴，為實體融合鋪路。,Strengthens the Immune Network route's synergy resonance and prepares it for physical fusion.
RESEARCH_PAIR_AD_S4_NAME,免疫網絡｜傳承特質協議,Immune Network | Legacy Trait Protocol
RESEARCH_PAIR_AD_S4_DESCRIPTION,解鎖 免疫網絡 傳承特質研究協議，可在關卡前裝備。,Unlocks the Immune Network legacy-trait research protocol for pre-mission equipment.
RESEARCH_TRIPLE_TBA_ROLE_NAME,適應免疫核心｜戰場定位,Adaptive Immune Core | Battlefield Role
RESEARCH_TRIPLE_TBA_ROLE_DESCRIPTION,定義 適應免疫核心 在戰場上的核心定位與編隊角色。,Defines the Adaptive Immune Core's core battlefield position and formation role.
RESEARCH_TRIPLE_TBA_RULE_NAME,適應免疫核心｜專屬規則,Adaptive Immune Core | Exclusive Rule
RESEARCH_TRIPLE_TBA_RULE_DESCRIPTION,授予 適應免疫核心 專屬戰鬥規則與陣容互動例外。,Grants the Adaptive Immune Core an exclusive combat rule and a formation-interaction exception.
RESEARCH_TRIPLE_TBA_APEX_NAME,適應免疫核心｜Apex 連結,Adaptive Immune Core | Apex Link
RESEARCH_TRIPLE_TBA_APEX_DESCRIPTION,連結 適應免疫核心 與 Apex 終局路線的資格節點。,Links the Adaptive Immune Core to an Apex endgame-route qualification node.
RESEARCH_TRIPLE_TND_ROLE_NAME,全域截擊中樞｜戰場定位,Global Interception Nexus | Battlefield Role
RESEARCH_TRIPLE_TND_ROLE_DESCRIPTION,定義 全域截擊中樞 在戰場上的核心定位與編隊角色。,Defines the Global Interception Nexus's core battlefield position and formation role.
RESEARCH_TRIPLE_TND_RULE_NAME,全域截擊中樞｜專屬規則,Global Interception Nexus | Exclusive Rule
RESEARCH_TRIPLE_TND_RULE_DESCRIPTION,授予 全域截擊中樞 專屬戰鬥規則與陣容互動例外。,Grants the Global Interception Nexus an exclusive combat rule and a formation-interaction exception.
RESEARCH_TRIPLE_TND_APEX_NAME,全域截擊中樞｜Apex 連結,Global Interception Nexus | Apex Link
RESEARCH_TRIPLE_TND_APEX_DESCRIPTION,連結 全域截擊中樞 與 Apex 終局路線的資格節點。,Links the Global Interception Nexus to an Apex endgame-route qualification node.
RESEARCH_TRIPLE_MAD_ROLE_NAME,組織防衛聖域｜戰場定位,Tissue Defense Sanctuary | Battlefield Role
RESEARCH_TRIPLE_MAD_ROLE_DESCRIPTION,定義 組織防衛聖域 在戰場上的核心定位與編隊角色。,Defines the Tissue Defense Sanctuary's core battlefield position and formation role.
RESEARCH_TRIPLE_MAD_RULE_NAME,組織防衛聖域｜專屬規則,Tissue Defense Sanctuary | Exclusive Rule
RESEARCH_TRIPLE_MAD_RULE_DESCRIPTION,授予 組織防衛聖域 專屬戰鬥規則與陣容互動例外。,Grants the Tissue Defense Sanctuary an exclusive combat rule and a formation-interaction exception.
RESEARCH_TRIPLE_MAD_APEX_NAME,組織防衛聖域｜Apex 連結,Tissue Defense Sanctuary | Apex Link
RESEARCH_TRIPLE_MAD_APEX_DESCRIPTION,連結 組織防衛聖域 與 Apex 終局路線的資格節點。,Links the Tissue Defense Sanctuary to an Apex endgame-route qualification node.
RESEARCH_TRIPLE_BMD_ROLE_NAME,組織再生工廠｜戰場定位,Tissue Regeneration Foundry | Battlefield Role
RESEARCH_TRIPLE_BMD_ROLE_DESCRIPTION,定義 組織再生工廠 在戰場上的核心定位與編隊角色。,Defines the Tissue Regeneration Foundry's core battlefield position and formation role.
RESEARCH_TRIPLE_BMD_RULE_NAME,組織再生工廠｜專屬規則,Tissue Regeneration Foundry | Exclusive Rule
RESEARCH_TRIPLE_BMD_RULE_DESCRIPTION,授予 組織再生工廠 專屬戰鬥規則與陣容互動例外。,Grants the Tissue Regeneration Foundry an exclusive combat rule and a formation-interaction exception.
RESEARCH_TRIPLE_BMD_APEX_NAME,組織再生工廠｜Apex 連結,Tissue Regeneration Foundry | Apex Link
RESEARCH_TRIPLE_BMD_APEX_DESCRIPTION,連結 組織再生工廠 與 Apex 終局路線的資格節點。,Links the Tissue Regeneration Foundry to an Apex endgame-route qualification node.
RESEARCH_TRIPLE_BNA_ROLE_NAME,抗體獵殺蜂群｜戰場定位,Antibody Hunter Swarm | Battlefield Role
RESEARCH_TRIPLE_BNA_ROLE_DESCRIPTION,定義 抗體獵殺蜂群 在戰場上的核心定位與編隊角色。,Defines the Antibody Hunter Swarm's core battlefield position and formation role.
RESEARCH_TRIPLE_BNA_RULE_NAME,抗體獵殺蜂群｜專屬規則,Antibody Hunter Swarm | Exclusive Rule
RESEARCH_TRIPLE_BNA_RULE_DESCRIPTION,授予 抗體獵殺蜂群 專屬戰鬥規則與陣容互動例外。,Grants the Antibody Hunter Swarm an exclusive combat rule and a formation-interaction exception.
RESEARCH_TRIPLE_BNA_APEX_NAME,抗體獵殺蜂群｜Apex 連結,Antibody Hunter Swarm | Apex Link
RESEARCH_TRIPLE_BNA_APEX_DESCRIPTION,連結 抗體獵殺蜂群 與 Apex 終局路線的資格節點。,Links the Antibody Hunter Swarm to an Apex endgame-route qualification node.
RESEARCH_TRIPLE_TMN_ROLE_NAME,凋亡反應爐｜戰場定位,Apoptosis Reactor | Battlefield Role
RESEARCH_TRIPLE_TMN_ROLE_DESCRIPTION,定義 凋亡反應爐 在戰場上的核心定位與編隊角色。,Defines the Apoptosis Reactor's core battlefield position and formation role.
RESEARCH_TRIPLE_TMN_RULE_NAME,凋亡反應爐｜專屬規則,Apoptosis Reactor | Exclusive Rule
RESEARCH_TRIPLE_TMN_RULE_DESCRIPTION,授予 凋亡反應爐 專屬戰鬥規則與陣容互動例外。,Grants the Apoptosis Reactor an exclusive combat rule and a formation-interaction exception.
RESEARCH_TRIPLE_TMN_APEX_NAME,凋亡反應爐｜Apex 連結,Apoptosis Reactor | Apex Link
RESEARCH_TRIPLE_TMN_APEX_DESCRIPTION,連結 凋亡反應爐 與 Apex 終局路線的資格節點。,Links the Apoptosis Reactor to an Apex endgame-route qualification node.
RESEARCH_APEX_MEMORY_GATE_NAME,長期免疫記憶庫｜終局門檻,Long-term Immune Archive | Endgame Gate
RESEARCH_APEX_MEMORY_GATE_DESCRIPTION,長期免疫記憶庫 終局門檻，需完成對應 Apex 身份與三融合連結。,"Long-term Immune Archive's endgame gate, requiring its Apex identity and triple-fusion link."
RESEARCH_APEX_MEMORY_PROTOCOL_NAME,長期免疫記憶庫｜終局協議,Long-term Immune Archive | Endgame Protocol
RESEARCH_APEX_MEMORY_PROTOCOL_DESCRIPTION,長期免疫記憶庫 終局研究協議，關卡前裝備並消耗 Apex 帶寬。,"Long-term Immune Archive's endgame research protocol, equipped before a mission and consuming Apex bandwidth."
RESEARCH_APEX_STERILE_GATE_NAME,無菌聖域｜終局門檻,Sterile Sanctuary | Endgame Gate
RESEARCH_APEX_STERILE_GATE_DESCRIPTION,無菌聖域 終局門檻，需完成對應 Apex 身份與三融合連結。,"Sterile Sanctuary's endgame gate, requiring its Apex identity and triple-fusion link."
RESEARCH_APEX_STERILE_PROTOCOL_NAME,無菌聖域｜終局協議,Sterile Sanctuary | Endgame Protocol
RESEARCH_APEX_STERILE_PROTOCOL_DESCRIPTION,無菌聖域 終局研究協議，關卡前裝備並消耗 Apex 帶寬。,"Sterile Sanctuary's endgame research protocol, equipped before a mission and consuming Apex bandwidth."
RESEARCH_APEX_SILENT_GATE_NAME,靜默獵殺網｜終局門檻,Silent Hunter Network | Endgame Gate
RESEARCH_APEX_SILENT_GATE_DESCRIPTION,靜默獵殺網 終局門檻，需完成對應 Apex 身份與三融合連結。,"Silent Hunter Network's endgame gate, requiring its Apex identity and triple-fusion link."
RESEARCH_APEX_SILENT_PROTOCOL_NAME,靜默獵殺網｜終局協議,Silent Hunter Network | Endgame Protocol
RESEARCH_APEX_SILENT_PROTOCOL_DESCRIPTION,靜默獵殺網 終局研究協議，關卡前裝備並消耗 Apex 帶寬。,"Silent Hunter Network's endgame research protocol, equipped before a mission and consuming Apex bandwidth."
RESEARCH_APEX_PRIME_GATE_NAME,IMMUNE PRIME｜終局門檻,IMMUNE PRIME | Endgame Gate
RESEARCH_APEX_PRIME_GATE_DESCRIPTION,IMMUNE PRIME 終局門檻，確認六系與三融合成果已就緒。,"The IMMUNE PRIME endgame gate, confirming that the six lineages and triple-fusion achievements are ready."
RESEARCH_APEX_PRIME_PROTOCOL_NAME,IMMUNE PRIME｜終局協議,IMMUNE PRIME | Endgame Protocol
RESEARCH_APEX_PRIME_PROTOCOL_DESCRIPTION,IMMUNE PRIME 終局研究協議，關卡前裝備並消耗 Apex 帶寬。,"IMMUNE PRIME's endgame research protocol, equipped before a mission and consuming Apex bandwidth."
RESEARCH_UNI_DEF_01_NAME,核心修復效率,Core Repair Efficiency
RESEARCH_UNI_DEF_01_DESCRIPTION,全域防線：免疫核心持續修復加快。同名百分比只由防線環提供。,Global defense: accelerates continuous Immune Core repair. This percentage is supplied only by the Defense ring.
RESEARCH_UNI_DEF_02_NAME,固定塔位擴充,Fixed Turret Expansion
RESEARCH_UNI_DEF_02_DESCRIPTION,全域防線：可同時展開的固定炮台席次 +1，不是傷害百分比。,Global defense: increases simultaneous fixed-turret capacity by 1. Capacity is not a damage percentage.
RESEARCH_UNI_DEF_03_NAME,塔間支援鏈,Turret Support Chain
RESEARCH_UNI_DEF_03_DESCRIPTION,2-1 匯合：修復與塔位連成支援鏈。規則解鎖，不再疊修復%。,2-1 convergence: links repair and turret slots into a support chain. Unlocks a rule without stacking more repair percentage.
RESEARCH_UNI_DEF_04_NAME,路線干擾障壁,Route Disruption Barrier
RESEARCH_UNI_DEF_04_DESCRIPTION,敵人沿入侵路線被輕微減速。與狀態化學緩速分開，數值較小。,Slightly slows enemies moving along invasion routes. This is separate from status-chemistry slow and has a smaller value.
RESEARCH_UNI_DEF_05_NAME,核心緊急護盾,Core Emergency Shield
RESEARCH_UNI_DEF_05_DESCRIPTION,核心生命低於閾值時展開一次護盾。一次性規則。,Deploys a one-use shield when Core health falls below its threshold.
RESEARCH_UNI_DEF_06_NAME,防守波次預備,Defense Wave Preparation
RESEARCH_UNI_DEF_06_DESCRIPTION,每波開始前為核心與固定炮台預補一次耐久。,Restores some durability to the Core and fixed turrets before each wave begins.
RESEARCH_UNI_DEF_07_NAME,核心終極防線,Ultimate Core Defense
RESEARCH_UNI_DEF_07_DESCRIPTION,3-1 匯合：護盾強化。不再疊加修復百分比。,3-1 convergence: strengthens the shield without stacking another repair percentage.
RESEARCH_UNI_EXP_01_NAME,偵察範圍延伸,Extended Recon Range
RESEARCH_UNI_EXP_01_DESCRIPTION,全域遠征：揭示距離 +6%。,Global expedition: increases reveal distance by 6%.
RESEARCH_UNI_EXP_02_NAME,迷霧預覽強化,Enhanced Fog Preview
RESEARCH_UNI_EXP_02_DESCRIPTION,未進入的感染區可預覽敵人族群。規則解鎖。,Allows a preview of enemy populations in infection zones before entry. Unlocks a rule.
RESEARCH_UNI_EXP_03_NAME,遠征節點解鎖,Expedition Node Access
RESEARCH_UNI_EXP_03_DESCRIPTION,2-1 匯合：開放下一層遠征節點。不是視野%。,2-1 convergence: opens the next layer of expedition nodes. This is not a vision percentage.
RESEARCH_UNI_EXP_04_NAME,邊疆建造資格,Frontier Construction Clearance
RESEARCH_UNI_EXP_04_DESCRIPTION,可在遠征格放置臨時固定席。,Allows temporary fixed positions to be placed on expedition tiles.
RESEARCH_UNI_EXP_05_NAME,遠征補給效率,Expedition Supply Efficiency
RESEARCH_UNI_EXP_05_DESCRIPTION,遠征帶回資源 +6%。,Increases resources returned from expeditions by 6%.
RESEARCH_UNI_EXP_06_NAME,撤退窗口延長,Extended Retreat Window
RESEARCH_UNI_EXP_06_DESCRIPTION,強制撤退前的安全窗口延長。規則。,Extends the safe window before a forced retreat. Unlocks a rule.
RESEARCH_UNI_EXP_07_NAME,疆域終極擴張,Ultimate Territorial Expansion
RESEARCH_UNI_EXP_07_DESCRIPTION,3-1 匯合：再 +4% 遠征補給。不再疊視野。,3-1 convergence: adds 4% expedition supply yield without stacking more vision.
RESEARCH_UNI_WAR_01_NAME,全體攻擊節奏,Global Attack Tempo
RESEARCH_UNI_WAR_01_DESCRIPTION,全域戰爭：全體攻速 +5%。攻速只從戰爭環來，機動環不再給攻速。,"Global warfare: increases all attack speed by 5%. Attack speed comes from the War ring, not the Mobility ring."
RESEARCH_UNI_WAR_02_NAME,軍團橫向容量,Army Line Capacity
RESEARCH_UNI_WAR_02_DESCRIPTION,全域戰爭：橫向軍團席次 +1。容量不是百分比，避免和攻速雙疊。,Global warfare: increases lateral army capacity by 1. Capacity is not a percentage and does not double-stack with attack speed.
RESEARCH_UNI_WAR_03_NAME,全域火力同步,Global Fire Synchronization
RESEARCH_UNI_WAR_03_DESCRIPTION,2-1 匯合：再 +4% 攻速。合併點小於第一枝，避免越合越大。,2-1 convergence: adds 4% attack speed. The merge bonus is smaller than the first branch.
RESEARCH_UNI_WAR_04_NAME,固定炮台射速,Fixed Turret Fire Rate
RESEARCH_UNI_WAR_04_DESCRIPTION,僅固定勤務 +4% 射速。與全體攻速分開計算。,Increases fire rate by 4% only while on fixed duty. Calculated separately from global attack speed.
RESEARCH_UNI_WAR_05_NAME,移動追擊節奏,Mobile Pursuit Tempo
RESEARCH_UNI_WAR_05_DESCRIPTION,僅移動勤務 +4% 攻速。與固定射速互斥加成。,Increases attack speed by 4% only while on mobile duty. Mutually exclusive with the fixed-duty bonus.
RESEARCH_UNI_WAR_06_NAME,技能冷卻壓縮,Skill Cooldown Compression
RESEARCH_UNI_WAR_06_DESCRIPTION,全體冷卻 −6%。走冷卻軸，不再疊攻速。,Reduces all skill cooldowns by 6%. This follows the cooldown axis instead of stacking attack speed.
RESEARCH_UNI_WAR_07_NAME,全面戰爭終極戰術,Ultimate Total War Tactics
RESEARCH_UNI_WAR_07_DESCRIPTION,3-1 匯合：再 +4% 攻速。冷卻已在上一枝，終局不雙疊。,3-1 convergence: adds 4% attack speed. Cooldown is handled by the prior branch and is not stacked here.
RESEARCH_UNI_MOB_01_NAME,全體移動節奏,Global Movement Tempo
RESEARCH_UNI_MOB_01_DESCRIPTION,全域機動：移速 +6%。移速只從機動環來。,Global mobility: increases movement speed by 6%. Movement speed comes only from the Mobility ring.
RESEARCH_UNI_MOB_02_NAME,快速部署通道,Rapid Deployment Channel
RESEARCH_UNI_MOB_02_DESCRIPTION,部署前搖縮短 8%。不是攻速。,Reduces deployment wind-up by 8%. This is not attack speed.
RESEARCH_UNI_MOB_03_NAME,跨區域轉移,Cross-region Transfer
RESEARCH_UNI_MOB_03_DESCRIPTION,2-1 匯合：解鎖跨區轉移規則，不再疊移速%。,2-1 convergence: unlocks cross-region transfer without stacking more movement speed.
RESEARCH_UNI_MOB_04_NAME,移動單位耐久,Mobile Unit Durability
RESEARCH_UNI_MOB_04_DESCRIPTION,移動勤務生命 +6%。生存軸，不是輸出。,"Increases mobile-duty health by 6%. This is survivability, not damage output."
RESEARCH_UNI_MOB_05_NAME,機動協同增幅,Mobile Synergy Amplifier
RESEARCH_UNI_MOB_05_DESCRIPTION,近距離移動單位互相獲得編隊加成。規則解鎖，不含攻速。,Nearby mobile units grant each other a formation bonus. Unlocks a rule without attack speed.
RESEARCH_UNI_MOB_06_NAME,撤退掩護編隊,Retreat Cover Formation
RESEARCH_UNI_MOB_06_DESCRIPTION,撤退時移動單位為核心提供短暫掩護射擊。,Mobile units provide brief covering fire for the Core during retreat.
RESEARCH_UNI_MOB_07_NAME,機動終極編隊,Ultimate Mobile Formation
RESEARCH_UNI_MOB_07_DESCRIPTION,3-1 匯合：再 +4% 移速。不把攻速塞進機動終局。,3-1 convergence: adds 4% movement speed without placing attack speed in the Mobility capstone.
RESEARCH_UNI_FUS_01_NAME,雙家族相性基礎,Dual-family Affinity Foundation
RESEARCH_UNI_FUS_01_DESCRIPTION,全域融合：雙家族相性研究消耗略降。不直接加傷害。,Global fusion: slightly lowers dual-family affinity research costs without directly increasing damage.
RESEARCH_UNI_FUS_02_NAME,融合效率增幅,Fusion Efficiency Amplifier
RESEARCH_UNI_FUS_02_DESCRIPTION,融合核心轉換效率 +6%。,Increases Fusion Core conversion efficiency by 6%.
RESEARCH_UNI_FUS_03_NAME,三融合資格預備,Triple-fusion Readiness
RESEARCH_UNI_FUS_03_DESCRIPTION,2-1 匯合：開放三融合資格檢查，不是輸出%。,2-1 convergence: opens triple-fusion qualification checks. This is not an output percentage.
RESEARCH_UNI_FUS_04_NAME,傳承特質保留,Legacy Trait Retention
RESEARCH_UNI_FUS_04_DESCRIPTION,融合後保留更多來源家族被動。規則解鎖。,Preserves more passive traits from source families after fusion. Unlocks a rule.
RESEARCH_UNI_FUS_05_NAME,融合核心回收,Fusion Core Recovery
RESEARCH_UNI_FUS_05_DESCRIPTION,替換融合時退回 20% 融合核心。,Refunds 20% of Fusion Cores when replacing a fusion.
RESEARCH_UNI_FUS_06_NAME,Apex 路線預備,Apex Route Readiness
RESEARCH_UNI_FUS_06_DESCRIPTION,顯示隱藏 Apex 所需的遠征旗標缺口。,Reveals missing expedition flags required by hidden Apex routes.
RESEARCH_UNI_FUS_07_NAME,融合終極工程,Ultimate Fusion Engineering
RESEARCH_UNI_FUS_07_DESCRIPTION,3-1 匯合：再 +4% 融合效率。不再疊相性折抵。,3-1 convergence: adds 4% fusion efficiency without stacking another affinity discount.
RESEARCH_UNI_SUR_01_NAME,生物質回收效率,Biomass Recovery Efficiency
RESEARCH_UNI_SUR_01_DESCRIPTION,全域生存：生物質回收 +6%。回收只從生存環來。,Global survival: increases biomass recovery by 6%. Recovery comes only from the Survival ring.
RESEARCH_UNI_SUR_02_NAME,受傷修復加速,Accelerated Injury Repair
RESEARCH_UNI_SUR_02_DESCRIPTION,單位再生 +6%。不修核心（核心修復在防線環）。,"Increases unit regeneration by 6%. It does not repair the Core, which belongs to the Defense ring."
RESEARCH_UNI_SUR_03_NAME,核心緊急修復,Core Emergency Repair
RESEARCH_UNI_SUR_03_DESCRIPTION,2-1 匯合：波次間核心一次急救。規則，不再疊核心修復%。,2-1 convergence: performs one emergency Core repair between waves without stacking continuous Core repair.
RESEARCH_UNI_SUR_04_NAME,細胞再生儲備,Cell Regeneration Reserve
RESEARCH_UNI_SUR_04_DESCRIPTION,擊殺儲存再生電荷。規則解鎖。,Stores regeneration charges on kills. Unlocks a rule.
RESEARCH_UNI_SUR_05_NAME,陣亡後備援,Post-casualty Backup
RESEARCH_UNI_SUR_05_DESCRIPTION,陣亡後短暫再部署一次。規則解鎖。,Allows one brief redeployment after a unit is defeated. Unlocks a rule.
RESEARCH_UNI_SUR_06_NAME,資源短缺緩解,Resource Shortage Relief
RESEARCH_UNI_SUR_06_DESCRIPTION,資源見底時下一波掉落保底。,Guarantees a minimum drop in the next wave when resources are depleted.
RESEARCH_UNI_SUR_07_NAME,生存終極修復,Ultimate Survival Repair
RESEARCH_UNI_SUR_07_DESCRIPTION,3-1 匯合：再 +4% 單位再生。不疊生物質與核心修復。,3-1 convergence: adds 4% unit regeneration without stacking biomass or Core repair.
RESEARCH_STATUS_MARK_NAME,標記疊層化學,Mark Stack Chemistry
RESEARCH_STATUS_MARK_DESCRIPTION,全域化學：標記最高疊層 +1，持續期間被標記目標受到額外集火權重。,Global chemistry: increases maximum Mark stacks by 1 and gives marked targets extra focus-fire priority during the effect.
RESEARCH_STATUS_AB_NAME,抗體弱點化學,Antibody Weakness Chemistry
RESEARCH_STATUS_AB_DESCRIPTION,全域化學：弱點放大 +8%。狀態環負責易傷，戰爭環負責攻速。,Global chemistry: increases weakness amplification by 8%. The Status ring owns vulnerability while the War ring owns attack speed.
RESEARCH_STATUS_COR_NAME,腐蝕破防化學,Corrosive Armor-break Chemistry
RESEARCH_STATUS_COR_DESCRIPTION,2-1 匯合：破甲 +8%。規則轉化，不把弱點再加一次。,2-1 convergence: adds 8% armor shred through a rule conversion without applying weakness twice.
RESEARCH_STATUS_SLOW_NAME,緩速控制化學,Slow Control Chemistry
RESEARCH_STATUS_SLOW_DESCRIPTION,受控敵人移速 −8%。與防線路線障壁分開。,Reduces controlled enemy movement speed by 8%. Separate from the Defense route barrier.
RESEARCH_STATUS_INF_NAME,感染擴散化學,Infection Spread Chemistry
RESEARCH_STATUS_INF_DESCRIPTION,擊殺或疊滿時，狀態可跳到鄰近敵人。,Allows a status to jump to a nearby enemy on a kill or at maximum stacks.
RESEARCH_STATUS_CHAIN_NAME,鏈鎖跳躍化學,Chain-jump Chemistry
RESEARCH_STATUS_CHAIN_DESCRIPTION,連鎖傷害與標記可額外跳一次。,Allows chained damage and Marks to jump one additional time.
RESEARCH_STATUS_CRIT_NAME,暴擊觸發化學,Critical Trigger Chemistry
RESEARCH_STATUS_CRIT_DESCRIPTION,3-1 匯合：全域暴擊 +5%。終局給觸發率，不再疊弱點與破甲。,3-1 convergence: adds 5% global critical chance without stacking more weakness or armor shred.
RESEARCH_CAMPAIGN_L01_NAME,黏膜入口,Mucosal Entry
RESEARCH_CAMPAIGN_L02_NAME,血流回廊,Bloodstream Corridor
RESEARCH_CAMPAIGN_L03_NAME,淋巴濾站,Lymphatic Filter
RESEARCH_CAMPAIGN_L04_NAME,發炎病灶,Inflammatory Lesion
RESEARCH_CAMPAIGN_L05_NAME,腫瘤組織,Tumor Tissue
RESEARCH_CAMPAIGN_L06_NAME,感染本源,Source of Infection
